split,comparison,dataset_row,group_id,true_project_label,left_project_label,right_project_label,left_correct,right_correct
validation_nested_oof,probability_only_minus_classifier_alone,110,cdaa740c5bd628164fcd25cf943d66926cb2d2d018a53edf04b478b61e06c7ca,1,1,6,True,False
validation_nested_oof,probability_only_minus_classifier_alone,971,35cea72525244fd075c44fa2b7d954af285593759f74f511c172c923080b853f,3,3,2,True,False
validation_nested_oof,probability_only_minus_classifier_alone,4453,9d811bd36ca9afa62f18983e42925ad34e403306cf68795ccdf37109a55d09dd,2,2,6,True,False
validation_nested_oof,probability_only_minus_classifier_alone,6502,db52984f9b0d2d5e91ff881d1938e4363c0ecfb33d4520c17ac1e79fccda511f,3,2,6,False,False
validation_nested_oof,probability_only_minus_classifier_alone,8085,c0f424d9da0bf5e07f9f9178938380de09374274d640d2ca66e046cf1209ca8c,5,5,2,True,False
validation_nested_oof,vader_fusion_minus_classifier_alone,110,cdaa740c5bd628164fcd25cf943d66926cb2d2d018a53edf04b478b61e06c7ca,1,1,6,True,False
validation_nested_oof,vader_fusion_minus_classifier_alone,6502,db52984f9b0d2d5e91ff881d1938e4363c0ecfb33d4520c17ac1e79fccda511f,3,2,6,False,False
validation_nested_oof,vader_fusion_minus_classifier_alone,8085,c0f424d9da0bf5e07f9f9178938380de09374274d640d2ca66e046cf1209ca8c,5,5,2,True,False
validation_nested_oof,vader_fusion_minus_probability_only,971,35cea72525244fd075c44fa2b7d954af285593759f74f511c172c923080b853f,3,2,3,False,True
validation_nested_oof,vader_fusion_minus_probability_only,4453,9d811bd36ca9afa62f18983e42925ad34e403306cf68795ccdf37109a55d09dd,2,6,2,False,True
test,probability_only_minus_classifier_alone,53,a223403ca741f4a51e41f5e1f340f0921482096b697f74f2f31e3e9c5c9e5370,5,5,2,True,False
test,probability_only_minus_classifier_alone,347,c65a4f8ae99039abd251cec33993c796ab896b75c086455168887d3f4c8cc65d,5,5,2,True,False
test,probability_only_minus_classifier_alone,614,59601f48d9797e6e6eeac79dfe0ce09d6d629e56f93789d828a434d240b9ddb6,6,3,6,False,True
test,probability_only_minus_classifier_alone,2444,88d7cc40053ced023fed02fb9648f611de831241dabd74affb33da3380fe8361,2,5,2,False,True
test,probability_only_minus_classifier_alone,2782,41d3e51682a2bdd7561959f72a136e6924e46a794ef245b5903e736c7ec10cc6,3,3,6,True,False
test,probability_only_minus_classifier_alone,3075,41b64a91de53dacf79d527165d697ae080e3162232af7c8110afe028203e6f6b,3,3,6,True,False
test,probability_only_minus_classifier_alone,3433,0ecabf80169f3f96b685c92fdc3b13b94b03d8ec9beb065ba1f644df6cb1fbe8,5,5,6,True,False
test,probability_only_minus_classifier_alone,5205,240a2dcd1dc6838835e3e0b4b7738cf7336c52ecf99f31d9354504e468c7db60,3,3,6,True,False
test,probability_only_minus_classifier_alone,6411,9d9e7772dcf3c67a728891a96ecc646b98a55d9efcb16f138c856a3ec820f80a,6,5,6,False,True
test,probability_only_minus_classifier_alone,8148,281a90d45f5a6602ba27950fbdfaf98c6bb6c4677456405a63e49faf76fffcd4,1,1,6,True,False
test,vader_fusion_minus_classifier_alone,53,a223403ca741f4a51e41f5e1f340f0921482096b697f74f2f31e3e9c5c9e5370,5,5,2,True,False
test,vader_fusion_minus_classifier_alone,614,59601f48d9797e6e6eeac79dfe0ce09d6d629e56f93789d828a434d240b9ddb6,6,5,6,False,True
test,vader_fusion_minus_classifier_alone,2782,41d3e51682a2bdd7561959f72a136e6924e46a794ef245b5903e736c7ec10cc6,3,3,6,True,False
test,vader_fusion_minus_classifier_alone,3075,41b64a91de53dacf79d527165d697ae080e3162232af7c8110afe028203e6f6b,3,5,6,False,False
test,vader_fusion_minus_classifier_alone,3433,0ecabf80169f3f96b685c92fdc3b13b94b03d8ec9beb065ba1f644df6cb1fbe8,5,5,6,True,False
test,vader_fusion_minus_classifier_alone,5205,240a2dcd1dc6838835e3e0b4b7738cf7336c52ecf99f31d9354504e468c7db60,3,5,6,False,False
test,vader_fusion_minus_classifier_alone,6345,85d7a1617c5a927576954767e58c540ad2d08054a897a22367f678b9b08b22f0,2,2,5,True,False
test,vader_fusion_minus_classifier_alone,8148,281a90d45f5a6602ba27950fbdfaf98c6bb6c4677456405a63e49faf76fffcd4,1,1,6,True,False
test,vader_fusion_minus_probability_only,347,c65a4f8ae99039abd251cec33993c796ab896b75c086455168887d3f4c8cc65d,5,2,5,False,True
test,vader_fusion_minus_probability_only,614,59601f48d9797e6e6eeac79dfe0ce09d6d629e56f93789d828a434d240b9ddb6,6,5,3,False,False
test,vader_fusion_minus_probability_only,2444,88d7cc40053ced023fed02fb9648f611de831241dabd74affb33da3380fe8361,2,2,5,True,False
test,vader_fusion_minus_probability_only,3075,41b64a91de53dacf79d527165d697ae080e3162232af7c8110afe028203e6f6b,3,5,3,False,True
test,vader_fusion_minus_probability_only,5205,240a2dcd1dc6838835e3e0b4b7738cf7336c52ecf99f31d9354504e468c7db60,3,5,3,False,True
test,vader_fusion_minus_probability_only,6345,85d7a1617c5a927576954767e58c540ad2d08054a897a22367f678b9b08b22f0,2,2,5,True,False
test,vader_fusion_minus_probability_only,6411,9d9e7772dcf3c67a728891a96ecc646b98a55d9efcb16f138c856a3ec820f80a,6,6,5,True,False
