model,split,records,accuracy,macro_f1,weighted_f1,log_loss,multiclass_brier
BERT,train,5921,0.9978044249282216,0.9978457154259455,0.9978032149632606,0.009028738620415743,0.0028268129330590694
BERT,validation,1269,0.9850275807722616,0.9838952897556944,0.9850532811449386,0.06663113783503154,0.026528608432405777
BERT,test,1269,0.9747832939322301,0.9741872741567863,0.974755965415021,0.0999879771532859,0.04093896796929512
DistilBERT,train,5921,0.9988177672690424,0.9987993101943244,0.9988179911950743,0.006853776581692969,0.0017972368635893407
DistilBERT,validation,1269,0.9858156028368794,0.9842883723789925,0.9858907999689672,0.059288326032629686,0.023525309189769028
DistilBERT,test,1269,0.9787234042553191,0.9777301758031172,0.9787382051354666,0.07990604251124277,0.03244664974409177
Logistic Regression,train,5921,0.992399932443844,0.9918373525481196,0.9923965834197961,0.26914866843157004,0.0941560685114388
Logistic Regression,validation,1269,0.8479117415287628,0.8334050123619597,0.8304484119226815,0.6182834222372874,0.2712286132875524
Logistic Regression,test,1269,0.8416075650118203,0.8280336407263245,0.82580964412286,0.6239150477661308,0.2846092272262167
