system,split,records,accuracy,macro_f1,weighted_f1,log_loss,multiclass_brier
classifier_alone,validation_nested_oof,1269,0.9858156028368794,0.9842883723789925,0.9858907999689672,0.059288326032629575,0.02352530918976903
classifier_alone,train,5921,0.9988177672690424,0.9987993101943244,0.9988179911950743,0.006853776581692736,0.0017972368635893398
classifier_alone,validation,1269,0.9858156028368794,0.9842883723789925,0.9858907999689672,0.059288326032629575,0.02352530918976903
classifier_alone,test,1269,0.9787234042553191,0.9777301758031172,0.9787382051354666,0.07990604251124284,0.032446649744091775
probability_only,validation_nested_oof,1269,0.9889676910953507,0.987802450724541,0.9889980008804614,0.0657529725728768,0.020942503264530017
probability_only,train,5921,0.998311096098632,0.9981883767044542,0.9983117928591939,0.019100981259549697,0.0030370951502615854
probability_only,validation,1269,0.9881796690307328,0.9870599361429168,0.9882080917510739,0.049686855171588974,0.02016628049659951
probability_only,test,1269,0.9818754925137904,0.9812371577287706,0.9818503036046223,0.2288421709097456,0.03281849659626188
vader_fusion,validation_nested_oof,1269,0.987391646966115,0.9861356641376279,0.9874366581469954,0.07135698077802831,0.023213279284609135
vader_fusion,train,5921,0.9984799864887688,0.998392133048816,0.9984805729753778,0.01848546551497629,0.003271268971433619
vader_fusion,validation,1269,0.9889676910953507,0.9877974904812249,0.9889927240258697,0.044629093791667074,0.019309452325629986
vader_fusion,test,1269,0.9818754925137904,0.9814860905216393,0.9818831802782645,0.2288384669978347,0.034653510790272186
