path,status,bytes,sha256
models/final_decision_v1/deployment.json,created,4596,f69dbb29165eb5c648bf32f45f46a3ef7055b3bdc99f58c1801dca1cc4d52b75
models/final_decision_v1/probability_only.joblib,created,1849,e14768d2af568baadd4b497c63d1f336a0f8133f69033c6ffba751ff8b301764
models/final_decision_v1/probability_only_parameters.json,created,2029,f0fa1048d48e2c00e0723ad3c861afaf2425a3ea11ad0a843879038baae563c5
models/final_decision_v1/vader_fusion.joblib,created,2137,f25eef59e813cb2549af807789ace1fa3a1db95fb63450b15a7630095ddeff2b
models/final_decision_v1/vader_fusion_parameters.json,created,2974,cb0e0c07148e86f424d1bca8a77d1674aaea3ba72cab2a72f2add7bf78ecf3b8
results/final_decision_v1/changed_predictions.csv,created,4861,8108fd4db02191bd17bd6664e2fd41a0d71ffa6aa8d2fb1774157a00f2ad6e15
results/final_decision_v1/classifier_accuracy_comparison.png,created,33013,daeb4ad63f09eaaea035cc4038fdf7dcd8867e0f948bd71182544eae3d8b3434
results/final_decision_v1/classifier_comparison.csv,created,1177,44c5cd013b60ac0dad4bb531412bbd3bc1e6af2e94c1185a01700902352549c5
results/final_decision_v1/classifier_macro_f1_comparison.png,created,32522,e1614c6f9fa8da8a01c5158a11c855ad9954dc141e98b5e40ebc9b216ab3b677
results/final_decision_v1/classifier_selection.json,created,274,ae3027a1ee083971e2c784e7088c1027f427581415d084a024ce2c209ccb0c94
results/final_decision_v1/classifiers/bert/completed.json,created,1165,e394ed96ce18f086060bc3123c330e98d9f785ea8d45ecaaa597d2e702f5fddd
results/final_decision_v1/classifiers/bert/probabilities.csv,created,2886982,2ef56c3fe0de1b1bfded6413da7b274eca532fcb205a8dfb48c1780f55415980
results/final_decision_v1/classifiers/bert/test_classification_report.json,created,1233,b93648f85ba4a89aa13e996e97a2713300f65e2fe9f9ca03eb52a63a2d3526ee
results/final_decision_v1/classifiers/bert/test_confusion_matrix.csv,created,264,e6671ee5c0d7e291477966c0f8847c6cefc25e255f59efbb5ab690b0f5477641
results/final_decision_v1/classifiers/bert/test_confusion_matrix.png,created,72373,13e3b9fd25fb71b0d1d9855313f27222cfb2ad4641258a95ea824e59c5e1bfc4
results/final_decision_v1/classifiers/bert/test_metrics.json,created,211,d0e9c58bd855cd978d0f77e596e1a9ebfa1fa0ea0d0a20875b132e0682a53d0d
results/final_decision_v1/classifiers/bert/test_per_class_metrics.csv,created,457,0d4267fec30e9ca15604e43e39b9ad6f96505359c209b7045fd00ff6a1f908b3
results/final_decision_v1/classifiers/bert/test_predictions.csv,created,201129,068b83b22b7f3b7dbe88e54860584446b5b64322ebf8fa0f2e57c754effddd93
results/final_decision_v1/classifiers/bert/train_classification_report.json,created,1241,ddd2a5f463baae6835182776f2abbf3135982206963c00cb9d9be0444cce00ad
results/final_decision_v1/classifiers/bert/train_confusion_matrix.csv,created,268,e95a52add66394e38d0a873cbee2c94063b2718c4fe3a18e93f2ab3c59d583fb
results/final_decision_v1/classifiers/bert/train_confusion_matrix.png,created,74130,354c3bdc991dce4eac592be4722106ffcc1a3ad6e3086e49a34cc46ea4245c7d
results/final_decision_v1/classifiers/bert/train_metrics.json,created,216,c39a6b0ec03d7da537d45c582d16389648a52509d281a6229610308e909903bd
results/final_decision_v1/classifiers/bert/train_per_class_metrics.csv,created,462,35f09e40bdf0af9b9789bc643652a6be82a4024f1bf206c0f6af227ef8e32f70
results/final_decision_v1/classifiers/bert/train_predictions.csv,created,939200,5c7af59cca909e6eec4e6b2984c6dc953f9ec1d94b59600d998db7f445c15797
results/final_decision_v1/classifiers/bert/validation_classification_report.json,created,1281,c8be0fa9f9c73790ea91f8174c16e0cb8b57ed3a688edfb137701a27d294e5a0
results/final_decision_v1/classifiers/bert/validation_confusion_matrix.csv,created,263,5f97cc85e078844abf1be58f0272212e27cb9700bb5432d972c729d9b31c9d11
results/final_decision_v1/classifiers/bert/validation_confusion_matrix.png,created,73197,b886be96b41a8bc560f187bfbeb1d560eaaadc99d90bc6c235e7e75f5b603450
results/final_decision_v1/classifiers/bert/validation_metrics.json,created,214,8d2289a4227fa42dc15b9cfedc671152fe415966e3e1b572adabc983e5fae249
results/final_decision_v1/classifiers/bert/validation_per_class_metrics.csv,created,502,54513a41bd5928b2733f10050eff14bd42212ae04d3c60948091d09881e33bc8
results/final_decision_v1/classifiers/bert/validation_predictions.csv,created,201284,22003f56a9e443fe956df01316b4aebffb127fefbffc893954e49351ece18237
results/final_decision_v1/classifiers/distilbert/completed.json,created,1166,f9ac739910e5c195e6aa9a5b074552619923747e009a5fbc4fc8e97ef012ad16
results/final_decision_v1/classifiers/distilbert/probabilities.csv,created,2884445,b944b3ce7efcc67385c207c81de7d9ff4748189d75d5e64edfdcb45087b68f27
results/final_decision_v1/classifiers/distilbert/test_classification_report.json,created,1266,329c4e284c02f1f5ba4fddfa2c4dd0aae21d4490e45feb3fbeb1e4d21102b522
results/final_decision_v1/classifiers/distilbert/test_confusion_matrix.csv,created,263,bfd9c6a4789a7a4d9837d504cfccd4539abd6f22b1851c7efe2739bc7b72173a
results/final_decision_v1/classifiers/distilbert/test_confusion_matrix.png,created,71937,637b7abfeb35c4753e08ed6145f10e16e97cc25abb805ce39a32353326087efa
results/final_decision_v1/classifiers/distilbert/test_metrics.json,created,213,71daab8bc2e88e4a0ab178cec7361dd1b0e5b095b40bd95208236f50b39af927
results/final_decision_v1/classifiers/distilbert/test_per_class_metrics.csv,created,487,d62018e3743c93fd793efb249788858eeb6b555fca4e86f75f3cfc0ce1bb390f
results/final_decision_v1/classifiers/distilbert/test_predictions.csv,created,200750,28165cb45ce4f84fa245bae14f1f285470ba1a99ffcbed465e6ccbf93a934f4b
results/final_decision_v1/classifiers/distilbert/train_classification_report.json,created,1165,c87264c2900e3e24168f033455459ab60ea699553254db04c7958a726cfe0d9b
results/final_decision_v1/classifiers/distilbert/train_confusion_matrix.csv,created,268,b4aee723c99a4289b2f8f90bf32adf0a78cb65549aae84f9cc7ad64d45699295
results/final_decision_v1/classifiers/distilbert/train_confusion_matrix.png,created,74732,871ebb26b87614ec27bd98309f4244cc88be58bcb52938545ee9ae63c4e96bcf
results/final_decision_v1/classifiers/distilbert/train_metrics.json,created,216,dc3a4ffdb4f0c7953038e60ddd3acbcce2054ba9eb7e903f3db046fbffa7a928
results/final_decision_v1/classifiers/distilbert/train_per_class_metrics.csv,created,388,f805d4d2ad788ea6a83e6ef00e51babf1c05286fab83169f3413cefe23656ba1
results/final_decision_v1/classifiers/distilbert/train_predictions.csv,created,937589,a86659cb470c272cc90405548f279dc27e752a93c5cd3be05efe6068f220d47d
results/final_decision_v1/classifiers/distilbert/validation_classification_report.json,created,1222,f42e1c6ca454dafc18fa6a0cfee26d7b04fb0259bbbc40ef280d19be98691666
results/final_decision_v1/classifiers/distilbert/validation_confusion_matrix.csv,created,263,4ca2a4153af9a18f99d59ac87c4bc1eb23635f8ac9c4583eddf791d307d2745f
results/final_decision_v1/classifiers/distilbert/validation_confusion_matrix.png,created,74092,43696679d366944b36ff37e354f62da47ebfadaeaa0d277e9584166b7db90352
results/final_decision_v1/classifiers/distilbert/validation_metrics.json,created,215,090c529ad3bcf01978443d703ab4be43b6db0da9ef6b54281f85e68fb0b7a603
results/final_decision_v1/classifiers/distilbert/validation_per_class_metrics.csv,created,444,e05b5ceb4d8a884bfe03a4ac2f22e4b50de49b40d25142e0ee4dd274d0e3de30
results/final_decision_v1/classifiers/distilbert/validation_predictions.csv,created,200776,4815cf0c9665e1e8ecc9c0d31ba667497aaddef6d435272975ce5acb6fb3c65c
results/final_decision_v1/classifiers/logistic_regression/completed.json,created,1019,bcad2812815787a37c2a0ca5d1599ea7a10d73c47a0fe4e572de20cd0a24de36
results/final_decision_v1/classifiers/logistic_regression/probabilities.csv,created,2812358,ab60a2e3e9195adb5e3c239d1844f9c91a13ad2a292b12eebb529346ec68ae66
results/final_decision_v1/classifiers/logistic_regression/test_classification_report.json,created,1249,4f8682d6022f706dd1577a04af7f78320f8475331905f5bb435068e431724e3f
results/final_decision_v1/classifiers/logistic_regression/test_confusion_matrix.csv,created,266,6ea20a542303062466db33c24616fa8b9af2f9aecb369d133a57a60eac569669
results/final_decision_v1/classifiers/logistic_regression/test_confusion_matrix.png,created,76180,43584400104bc8eab963caefb355b4e1e9afb90c7f0c887631035c4f55c6a8a3
results/final_decision_v1/classifiers/logistic_regression/test_metrics.json,created,209,23524e93b05eec4959d7e39edbce0bf94e464e489b7dc08ab50dbf6112b70f0a
results/final_decision_v1/classifiers/logistic_regression/test_per_class_metrics.csv,created,472,3815edcd0db7bae0ee0822c3a4bdd0d22c9d2ff61471f54a3aeb06e44705860c
results/final_decision_v1/classifiers/logistic_regression/test_predictions.csv,created,189453,ef987cb94294742dfd3a97e57171d30f4e64d275f6b787ac0462429ee7b0b8bf
results/final_decision_v1/classifiers/logistic_regression/train_classification_report.json,created,1238,88b683da3dd3e5c76cc3003e44f17e73a03162d65a32a39bd12d46222cb8f9ce
results/final_decision_v1/classifiers/logistic_regression/train_confusion_matrix.csv,created,269,6ed680001fb46c365381cac2d8ac9cc3b472994b7a580164cdae0a0dd47c8cb2
results/final_decision_v1/classifiers/logistic_regression/train_confusion_matrix.png,created,77332,6f81800a4d762e8403dadca37052eb897b364ccc3aac2a642e1ac3f6c8f6dd6c
results/final_decision_v1/classifiers/logistic_regression/train_metrics.json,created,211,a7baab550362d63dc1d9bb4a3609e4a1eba34744e8517af79ebee0d60293697f
results/final_decision_v1/classifiers/logistic_regression/train_per_class_metrics.csv,created,462,34188a9f4d93941da007140238c55dff8527429acd5ea702c7e58c4acf3edf99
results/final_decision_v1/classifiers/logistic_regression/train_predictions.csv,created,888628,6dccf2a77bf74d2a9be4faa554f09771ef2f9858937069da2d2e1c92d0360bf4
results/final_decision_v1/classifiers/logistic_regression/validation_classification_report.json,created,1246,5fe7513f32a74a6ee3c47762975782042099093d80c92b599f144619391429dc
results/final_decision_v1/classifiers/logistic_regression/validation_confusion_matrix.csv,created,266,a07cff211f38c5f4d0713d4bed3375a422d7883df506372c2149a72bbc258d99
results/final_decision_v1/classifiers/logistic_regression/validation_confusion_matrix.png,created,77247,78a233bd7e80d263dab299c8886218bb35a948d495631be5e2f06ff0b7572bcd
results/final_decision_v1/classifiers/logistic_regression/validation_metrics.json,created,211,1fdd35c0f1a5c59472d9778684af858ffa1f0ede0c9f4e3c4ddf35c7e6307be3
results/final_decision_v1/classifiers/logistic_regression/validation_per_class_metrics.csv,created,467,27190227a509679939c30957ee8c5a6cbb35fd173a753b1f4c9c7885c897caf6
results/final_decision_v1/classifiers/logistic_regression/validation_predictions.csv,created,189414,5c71bd91c40115acc97bad751599f07a01e9f672ca21e2d582d45833d8855bfc
results/final_decision_v1/classifiers_completed.json,created,40,bbb801a018944051cb9d4f006671b929ca2eac2010a601efb6179583d45564dc
results/final_decision_v1/classifiers_test_confusion_comparison.png,created,189246,d7870bd8167df2c0081258e534252d7c6ba35bcc59915aa77892334a8f4b87fb
results/final_decision_v1/completion.json,created,591,61f131106ede4ddae5098a3d0eaea7b6689b7321ab139add6db6d82eaa66152d
results/final_decision_v1/continuation_integrity_before.json,created,11923914,7fdc3cc7a31919b1aa1568e99ec50742f9573ea11ade6c1a179d2c6ae23022a2
results/final_decision_v1/decision_accuracy_comparison.png,created,35322,1883842e3a55e3bcc03afc233a82c5a8da3fddd9dbafd3f219892efff4e634d9
results/final_decision_v1/decision_comparison.csv,created,1643,eb751672eb046602c86b8ff1116ee7dcd3d727733ba89404774f3bc34ca43d7f
results/final_decision_v1/decision_impact_uncertainty.png,created,46583,f59a8f0b498b5d586c49dacf51814886da8492a452272a2d8c0f53a6cef088e5
results/final_decision_v1/decision_macro_f1_comparison.png,created,34768,71d4f23986301c24221cc771cde771448b4bfa14f96017e9313e90ab27919da2
results/final_decision_v1/decision_probability_quality.png,created,119866,d877be4aef886f142523530a49e393312affb90eedcffdd163f96e3cd534b2e4
results/final_decision_v1/development_folds.csv,created,2645535,efc8e61de7089fefbfa889a5b62249b6f62a1bc08207a2da53e38d9ae0b0c73f
results/final_decision_v1/edge_cases.csv,created,861,5639c33c66b327d430a86f22de488c18a735d2d5d87d752ac377dc80e6e6bb24
results/final_decision_v1/edge_cases.json,created,2416,45ea98ee0ff3ded90308d105fc595103e728c21917c68151139b848ccb7be954
results/final_decision_v1/execution_notes.json,created,858,e2e00b62a7e7369b550d31e45d099da150b2c4bd06e4053e4dfe7ead9111ff19
results/final_decision_v1/experiment_config.json,created,4916,007903632a150e3056288c781eeca8d0e5f25fec0b27f130c1f8a30b423f48f7
results/final_decision_v1/experiment_report.md,created,16459,b7b76ac1fea107878a5c2ab6d5cfd328998be2f5c3afcf7b24f9ae271411e7a6
results/final_decision_v1/feature_provenance.json,created,810,5361bfecdda402918fafb1bedecbe4317e2f3fbaafd8691b3c63b74d7a7c165f
results/final_decision_v1/final_result_verification.json,created,1610,652d8e8dba703380141ebddece8ea28dbab97b0b91cac452e47a57be83d36ea9
results/final_decision_v1/fusion/classifier_alone/test_classification_report.json,created,1266,329c4e284c02f1f5ba4fddfa2c4dd0aae21d4490e45feb3fbeb1e4d21102b522
results/final_decision_v1/fusion/classifier_alone/test_confusion_matrix.csv,created,263,bfd9c6a4789a7a4d9837d504cfccd4539abd6f22b1851c7efe2739bc7b72173a
results/final_decision_v1/fusion/classifier_alone/test_confusion_matrix.png,created,72726,4c18f51da796a0ab7377d2bb9262f35a884599377312c30dc4246e3d00a33530
results/final_decision_v1/fusion/classifier_alone/test_metrics.json,created,214,4ccff5ea7e2e7e9e369cb19aa175f6e119f94a59ca5bfa8c72239c218034a9ca
results/final_decision_v1/fusion/classifier_alone/test_per_class_metrics.csv,created,487,d62018e3743c93fd793efb249788858eeb6b555fca4e86f75f3cfc0ce1bb390f
results/final_decision_v1/fusion/classifier_alone/test_predictions.csv,created,200596,35c0446873fb6cb6562af8a88a10f89619ee88e68920f9a1ae2560b7ff8c6096
results/final_decision_v1/fusion/classifier_alone/train_classification_report.json,created,1165,c87264c2900e3e24168f033455459ab60ea699553254db04c7958a726cfe0d9b
results/final_decision_v1/fusion/classifier_alone/train_confusion_matrix.csv,created,268,b4aee723c99a4289b2f8f90bf32adf0a78cb65549aae84f9cc7ad64d45699295
results/final_decision_v1/fusion/classifier_alone/train_confusion_matrix.png,created,75051,a6dbc21d98d72bd581b8c421d06339c4ff0a663c583514173aac631ed525db85
results/final_decision_v1/fusion/classifier_alone/train_metrics.json,created,216,de835930cbb17650a44e32c2f76734688d4d207e3ca09086ec2425164624364e
results/final_decision_v1/fusion/classifier_alone/train_per_class_metrics.csv,created,388,f805d4d2ad788ea6a83e6ef00e51babf1c05286fab83169f3413cefe23656ba1
results/final_decision_v1/fusion/classifier_alone/train_predictions.csv,created,935879,abac8f6e7c5fb1b1ea0965e201ac9aa44367b9b52245505182c951871e480324
results/final_decision_v1/fusion/classifier_alone/validation_classification_report.json,created,1222,f42e1c6ca454dafc18fa6a0cfee26d7b04fb0259bbbc40ef280d19be98691666
results/final_decision_v1/fusion/classifier_alone/validation_confusion_matrix.csv,created,263,4ca2a4153af9a18f99d59ac87c4bc1eb23635f8ac9c4583eddf791d307d2745f
results/final_decision_v1/fusion/classifier_alone/validation_confusion_matrix.png,created,74280,6137b0457084cd529388776a513455b72d563d967b22ccf2db700be7f9d77f76
results/final_decision_v1/fusion/classifier_alone/validation_metrics.json,created,214,a727af87b853a65b61ef79ad8a8f5783bc6d37fe5220b0949c3026f6fd03e4a4
results/final_decision_v1/fusion/classifier_alone/validation_nested_oof_classification_report.json,created,1222,f42e1c6ca454dafc18fa6a0cfee26d7b04fb0259bbbc40ef280d19be98691666
results/final_decision_v1/fusion/classifier_alone/validation_nested_oof_confusion_matrix.csv,created,263,4ca2a4153af9a18f99d59ac87c4bc1eb23635f8ac9c4583eddf791d307d2745f
results/final_decision_v1/fusion/classifier_alone/validation_nested_oof_confusion_matrix.png,created,74739,46a69abc0b3792c6eab778564ca82e41908ce6b8a82466a42fde67d8339b6592
results/final_decision_v1/fusion/classifier_alone/validation_nested_oof_metrics.json,created,214,a727af87b853a65b61ef79ad8a8f5783bc6d37fe5220b0949c3026f6fd03e4a4
results/final_decision_v1/fusion/classifier_alone/validation_nested_oof_per_class_metrics.csv,created,444,e05b5ceb4d8a884bfe03a4ac2f22e4b50de49b40d25142e0ee4dd274d0e3de30
results/final_decision_v1/fusion/classifier_alone/validation_nested_oof_predictions.csv,created,200453,15e12de355b181c9eb13485cb098d31a8630cdb7e7323611b72ea6d2fe83fe92
results/final_decision_v1/fusion/classifier_alone/validation_per_class_metrics.csv,created,444,e05b5ceb4d8a884bfe03a4ac2f22e4b50de49b40d25142e0ee4dd274d0e3de30
results/final_decision_v1/fusion/classifier_alone/validation_predictions.csv,created,200453,15e12de355b181c9eb13485cb098d31a8630cdb7e7323611b72ea6d2fe83fe92
results/final_decision_v1/fusion/probability_only/test_classification_report.json,created,1250,efaac53b87cd35b9a53fa3e8b586cab5d4a55b93aaa6ae9ac29e25909df2dae2
results/final_decision_v1/fusion/probability_only/test_confusion_matrix.csv,created,263,e2dd2f1a3d94ecf253d5e40843235c3feb9984c9b7aa964cbe524ec57f04be7c
results/final_decision_v1/fusion/probability_only/test_confusion_matrix.png,created,74029,639f615a18eb83f8d5e9bdb03b3a20cac9faa0af5248692479cd4dff9b9509f4
results/final_decision_v1/fusion/probability_only/test_metrics.json,created,212,cebe3c6f69261694726309f52bd4052d20f66dda50bb5cbcd72d6b8729009ad7
results/final_decision_v1/fusion/probability_only/test_per_class_metrics.csv,created,472,cc8847b09ac92a4f8ebdfbc6340b8be6430ab52096b8a46c067896a2cd86e52b
results/final_decision_v1/fusion/probability_only/test_predictions.csv,created,200670,62b931487302a58c1df9f504146866e9a14a53832b9ac2d26b3da1663d47e298
results/final_decision_v1/fusion/probability_only/train_classification_report.json,created,1164,faff5944bbfe3903b5583b9fee4517d021ea2fff021572afbffcf45cf248cc7f
results/final_decision_v1/fusion/probability_only/train_confusion_matrix.csv,created,268,c2ff626300cc0f4751b779903ed701cd0d67abcdf03292d3543ae1fea3b1c3e4
results/final_decision_v1/fusion/probability_only/train_confusion_matrix.png,created,75258,544eccc048517baa0b6797919747ede9902811d5d36f9eaf9aa30ee0e790d955
results/final_decision_v1/fusion/probability_only/train_metrics.json,created,215,c2f06546b62b6560715396349ed3fe4536908c859e84e000e7f65caf54d94207
results/final_decision_v1/fusion/probability_only/train_per_class_metrics.csv,created,387,b0d2d2326a33807f1d6140ccd8db56767b0e7d47a0806fcda92e5f821ead6424
results/final_decision_v1/fusion/probability_only/train_predictions.csv,created,935622,bbf41a88a8f53925a914ee9a02d46a22770c228d54cbb81b0b60fe16d61fb555
results/final_decision_v1/fusion/probability_only/validation_classification_report.json,created,1237,a02c9db0131e206c9da0768fd24942b6f648f8e26054e20a299091ba08b9d0ea
results/final_decision_v1/fusion/probability_only/validation_confusion_matrix.csv,created,263,336480413e62173b41d5ea38c179a6f8fe95d84836f49e2c1a564683d46267b4
results/final_decision_v1/fusion/probability_only/validation_confusion_matrix.png,created,74465,5f7a2b192aa00bf99489b12e6d555085041bfbfdd64b744e2a7c37ddd909908f
results/final_decision_v1/fusion/probability_only/validation_metrics.json,created,214,e7427236e34aaabab5969e30c4235f2e5eff0ea182d60e99b8809ef3a8bff9ab
results/final_decision_v1/fusion/probability_only/validation_nested_oof_classification_report.json,created,1236,375cfdc2d73b735b2b28a9238a98aa5ac47fc18a83c5e57c55cc93f0e7ce45ee
results/final_decision_v1/fusion/probability_only/validation_nested_oof_confusion_matrix.csv,created,263,cad758f1460acd85f88df1dda6bcc5e133d57f5410b0f05e2f7f663801e5da6c
results/final_decision_v1/fusion/probability_only/validation_nested_oof_confusion_matrix.png,created,75148,269e4d29c11bcda48abb89071d94c54364b34394a60a09fa440c89040f423eba
results/final_decision_v1/fusion/probability_only/validation_nested_oof_metrics.json,created,212,e0aa4c849b6f0304f2a28a76718dc65975c3c09989c73bb29908777ac031b5ea
results/final_decision_v1/fusion/probability_only/validation_nested_oof_per_class_metrics.csv,created,458,770c37d85e6386b5eb40e0f0d8a73b01e5a89c019ea519d3ebfa90cd9b777f94
results/final_decision_v1/fusion/probability_only/validation_nested_oof_predictions.csv,created,200646,acb071fda8c35da065288f585d4062b7df611e4c261119bee1cb7e6f6246f94b
results/final_decision_v1/fusion/probability_only/validation_per_class_metrics.csv,created,458,01dc0d81e290e2cec459e2ea886468d448b6ca849cb6bc6d00a39cb45ec38a40
results/final_decision_v1/fusion/probability_only/validation_predictions.csv,created,200566,c7095303c3e7892a5d954e581fc436a4e9b97738431fa6f307e7e3e202f30a92
results/final_decision_v1/fusion/vader_fusion/test_classification_report.json,created,1251,6903ccf8cbf50022aae027a7092e71e78652c69544b2793a07f8a75ac080b9f8
results/final_decision_v1/fusion/vader_fusion/test_confusion_matrix.csv,created,263,a251530015d75dfe643bda04813e1affb22527a42e561f3f08a68c6cdc5d6ead
results/final_decision_v1/fusion/vader_fusion/test_confusion_matrix.png,created,73652,b5b08e116f3a2475190ca8672852df49da15d8054b1de1b172acfb96b7a1b0b4
results/final_decision_v1/fusion/vader_fusion/test_metrics.json,created,213,ba083b0d3ab29396ffaabab93accbff017bb7f619453211516f681c593253795
results/final_decision_v1/fusion/vader_fusion/test_per_class_metrics.csv,created,472,feaac91ae13765b8345a207d740c0b9587e3068f0143271f494a751d962c44ec
results/final_decision_v1/fusion/vader_fusion/test_predictions.csv,created,201002,64bc6c29e32315fdbe751b5fcf906a56f09e29d0566729473731b0991849f6b6
results/final_decision_v1/fusion/vader_fusion/train_classification_report.json,created,1165,2fe6ab2bdff0098d27a13dd896ed8c2976e28d8b95d5ce300e26c65977be6bea
results/final_decision_v1/fusion/vader_fusion/train_confusion_matrix.csv,created,268,b06ec52a69cdc82c1d37b6117ad40b1c30f8740c94481b8f36574843a2d23ddb
results/final_decision_v1/fusion/vader_fusion/train_confusion_matrix.png,created,75484,d08cdf6a949daeea92d4310223f211f7f975bbadbaa85f25ccdb29e4ac685d6c
results/final_decision_v1/fusion/vader_fusion/train_metrics.json,created,213,991dea67294fc12f1debc082e2dc994b4cc47a688bbda521c3901565e08694f1
results/final_decision_v1/fusion/vader_fusion/train_per_class_metrics.csv,created,388,02c8f8a85e9221d566e0787d680bcbeeb50bdfa7d260d3322a2729fb0ca591ec
results/final_decision_v1/fusion/vader_fusion/train_predictions.csv,created,937841,ff69e780b575c085ddfb5c138a109f8873b5bec6bc124248f55b019b19cbbd8f
results/final_decision_v1/fusion/vader_fusion/validation_classification_report.json,created,1237,8a9de559e899e2a53b1b16121aa7ce599da4a2debfa2bb860c2a1b1bd9241fe9
results/final_decision_v1/fusion/vader_fusion/validation_confusion_matrix.csv,created,263,8176ac2f9f1030b73e95e44854b12d3b13990b3401ef2ef964a5fd029328d59f
results/final_decision_v1/fusion/vader_fusion/validation_confusion_matrix.png,created,73676,a28c28a75e81c6e40902415b17d3df2cc08f0d2642672d43c7c57e3561a7d5f5
results/final_decision_v1/fusion/vader_fusion/validation_metrics.json,created,215,1b1fc8119acbdde274b77054d0e146d2d91793ef764d0f1ccc1ec1e6ff49b96f
results/final_decision_v1/fusion/vader_fusion/validation_nested_oof_classification_report.json,created,1234,1543188d3c10b80bdd79f46e00c3e388001fa92b0b673b1e22ae96daf82dbf8c
results/final_decision_v1/fusion/vader_fusion/validation_nested_oof_confusion_matrix.csv,created,263,5765963b0ad4a0420bb320e896b9f3075170a436c30031896112090de53704bd
results/final_decision_v1/fusion/vader_fusion/validation_nested_oof_confusion_matrix.png,created,73672,adf7f77ebcaab6d16fd49f1011a17dbbca4b15aa756a44aa45491fde4d57f64e
results/final_decision_v1/fusion/vader_fusion/validation_nested_oof_metrics.json,created,213,fe32227e439ecfaad351919ef12c0bd762c377f23731cbe661ff2a3384e7338d
results/final_decision_v1/fusion/vader_fusion/validation_nested_oof_per_class_metrics.csv,created,458,737f6d3c645c6c454556c5ed266a4df057d9839942e2146d560ce5b19f02530e
results/final_decision_v1/fusion/vader_fusion/validation_nested_oof_predictions.csv,created,200720,bd2c450b3112c3a275d851046b32b1c6b10fed8034770db784569690a4a2f522
results/final_decision_v1/fusion/vader_fusion/validation_per_class_metrics.csv,created,458,92bc14eff4ad9022ad530c185b4277280dcb787d3382b7c99d9d28dff608ef2d
results/final_decision_v1/fusion/vader_fusion/validation_predictions.csv,created,201120,2f98761d0e065d97cf8874ddfe6abf15cf715ae5205242d3c5fda62669d0fda8
results/final_decision_v1/fusion_completed.json,created,132,3779c1e0b82cdc3c30c0a9d0ddfa205b32f0769765bae46c634a664ed2120783
results/final_decision_v1/fusion_features.csv,created,2934406,1abc533f8053fd07f9415bb91817561df933192de6e81098377b87e5ebd77928
results/final_decision_v1/fusion_test_confusion_comparison.png,created,187293,1b17cb0082978c91c0a303faf6626c417408e9005354d7dd799ceb19863d3085
results/final_decision_v1/generalization_gaps.csv,created,593,f196a72083913916a6ea5cede9eff2676f2c97a514554615fe978ca33ed4f6af
results/final_decision_v1/generalization_gaps.png,created,40382,e1aa940cbea13e940f467a5e7c12da5e649426cbef303e592ed9682c7c90b120
results/final_decision_v1/graph_index.md,created,3108,466e3fdd408c94053e73d52ac6be010e36b615dc04e8a4673775ee6c7d43a14f
results/final_decision_v1/integrity_assessment.json,created,591,e4d9862820f1eaa3be0ded568bb7455d633975bb537ec6c056a91ea09ee68cd5
results/final_decision_v1/integrity_verification.json,created,6086,391d68f91c5431a007fe07e7b3460c5e57d98a71e28476f5d9bba7ffa37e4838
results/final_decision_v1/paired_uncertainty.json,created,3239,5981e1280b59d8a8ffb2aac0a0713e28e9262129e711b7006243c58373ef50ff
results/final_decision_v1/protected_inputs.json,created,10934,6daf3712fa644b1fa6c6ddf76441db6d79b619128f25567018091c7c10d565a2
results/final_decision_v1/resume_verification.json,created,843,4ce87d4370b0950fd1296e57b633009f4f008f7e83a08abb8354534bc3a13227
results/final_decision_v1/runtime_benchmark.json,created,8370,c4dc318f3f9729f445af3b4e6224919cea1d15372021a9edcdf41e250eaa3229
results/final_decision_v1/runtime_environment.json,created,2777,9671a1337d5bb4ed12beb22432c5c37d2b1daf06fbdc14900dadecaa5cefbeb4
results/final_decision_v1/runtime_latency_comparison.png,created,49845,84e4671d2e4f2c91a182f2173ff353a99cc20398f1cfa6e67228df14ca8a9241
results/final_decision_v1/runtime_latency_summary.csv,created,1184,e4ad6b278d6e5e04d515f0ba08ce8eeb637cd5c3d1cde31d96b38d592b3c29aa
results/final_decision_v1/sentiment_value.json,created,2039,f6f9c4cafbd2bcc68c8361d5418e6f1b2bda5ece52ce0b7554544dd668e387ae
results/final_decision_v1/test_reliability_bins.csv,created,993,59cc1db892a9b662fd24f7f8c591ce027e71bf3c83f405cfd4b508a646815083
results/final_decision_v1/test_results.json,created,417,13c7f2ac95160f6e63f684b1541681d796a483695851e7ed62ef056ae4c1f24b
results/final_decision_v1/test_suite.log,created,7697,9d5578fd75cac2f6271f3c338166688488db818d6aec29be49076c130a57df11
results/final_decision_v1/tuning_results.json,created,18400,9de8504253d224fb27dae711496ec897020f42365ed6cd130a401d899b85f819
src/audit_final_decision_resume.py,created,4836,dc60840367430877ee9a5550031c944f3311028d341b382002a2514404698335
src/final_decision.py,created,7176,5931680de1be0fa72786c4434c3107537773d9e3844764e75c6c1248505f85f8
src/report_final_decision.py,created,18090,291eb2c2885eae249f5d37281b3d598fa746fcc6ebd55cb9666cde29640865e2
src/run_final_decision_experiment.py,created,35866,08f0da52b8d82be3de96921c771a9eef19109816c0831ca152ee21583ca5660e
src/validate_final_decision.py,created,10912,e31771d2f1f3582c0f8a69e8da1db03aa0140d01ba286cba9c7a847a6a2e9299
tests/test_final_decision.py,created,10704,ad5e50eb6e58d3f12928861d68a11788ee3f5c20ee7c9038e4640ea3891e24f1
tests/test_predict.py,modified,11363,c99702b6930de7e83bc36a9756dce24e59d31198d3ce4c831440141e5bb901be
