system,input_size,characters,chunks,repetitions,p50_seconds,p95_seconds,max_seconds
classifier_alone,short,101,1,10,0.07506954998825677,0.09238847999367861,0.09951000000000931
classifier_alone,medium,791,1,10,0.3077669500053162,0.3776920999938738,0.3975064999831375
classifier_alone,long,5939,2,10,0.9158769500063499,1.4014670599965027,1.558818199991947
classifier_alone,near_limit,49999,17,10,12.188692949988763,15.368169069991563,15.746770899975672
probability_only,short,101,1,10,0.10694144999433775,0.11595255999709479,0.11619249999057502
probability_only,medium,791,1,10,0.19977014999312814,0.22676253500249005,0.22713410001597367
probability_only,long,5939,2,10,1.4735579999978654,1.6800592549945574,1.8021415999974124
probability_only,near_limit,49999,17,10,8.997274749999633,13.997368830016056,14.638422000018181
vader_fusion,short,101,1,10,0.06011834999662824,0.08874162500578672,0.10869079999974929
vader_fusion,medium,791,1,10,0.11715869999898132,0.1243598449829733,0.1254991999885533
vader_fusion,long,5939,2,10,0.96049134999339,1.2591165350138904,1.4054771000228357
vader_fusion,near_limit,49999,17,10,15.409701200012933,21.507196239993203,23.81546799998614
